Model,MSE,RMSE,Selected Features
LASSO Regression,804353058.1118107,28361.118773980175,263
Ridge Regression,939588241.2617083,30652.70365337629,286
Dynamic LASSO,966668926.7720214,31091.299856584017,249
